{"cameraMode":{"drawMode":0,"name":"Shaded","section":"Shading Mode"},"sceneLighting":false,"audioPlay":false,"sceneViewState":{"m_AlwaysRefresh":false,"showFog":true,"showSkybox":false,"showFlares":true,"showImageEffects":true,"showParticleSystems":true,"showVisualEffectGraphs":true,"m_FxEnabled":true},"in2DMode":false,"pivot":{"x":-44.12924575805664,"y":19.12900733947754,"z":-0.8306599259376526},"rotation":{"x":-0.31009623408317568,"y":-0.013705186545848847,"z":0.004386776126921177,"w":-0.950659453868866},"size":22.429248809814454,"orthographic":false}