{"cameraMode":{"drawMode":0,"name":"Shaded","section":"Shading Mode"},"sceneLighting":true,"audioPlay":false,"sceneViewState":{"m_AlwaysRefresh":false,"showFog":true,"showSkybox":true,"showFlares":true,"showImageEffects":true,"showParticleSystems":true,"showVisualEffectGraphs":true,"m_FxEnabled":true},"in2DMode":false,"pivot":{"x":-1.4636118412017823,"y":9.278078079223633,"z":1.9588913917541505},"rotation":{"x":-0.6592907309532166,"y":0.049959711730480197,"z":-0.043966762721538547,"w":-0.7489619851112366},"size":14.889358520507813,"orthographic":false}