{"cameraMode":{"drawMode":0,"name":"Shaded","section":"Shading Mode"},"sceneLighting":true,"audioPlay":false,"sceneViewState":{"m_AlwaysRefresh":false,"showFog":true,"showSkybox":true,"showFlares":true,"showImageEffects":true,"showParticleSystems":true,"showVisualEffectGraphs":true,"m_FxEnabled":true},"in2DMode":false,"pivot":{"x":12.760108947753907,"y":18.414016723632814,"z":-12.788154602050782},"rotation":{"x":-0.27442994713783266,"y":0.26723164319992068,"z":-0.07975660264492035,"w":-0.9203438758850098},"size":0.7631973624229431,"orthographic":false}